feature,importance
Fz_alpha,0.9999999998342507
P7_mobility,0.788990568767443
Fz_theta,0.7810058363773321
corr_P7_O1,0.72656540165967
corr_C3_T7,0.6641677750903735
P8_mobility,0.6392797120001019
T7_alpha,0.608284441175262
C3_complexity,0.6082084523383556
C3_beta,0.6025108409072027
corr_F7_F3,0.5603307278029211
corr_F7_T7,0.5437238800891596
T7_theta,0.537162358977649
C4_beta,0.5368246195840799
corr_O2_O1,0.5353491649765298
C3_theta,0.5169089828932812
P8_complexity,0.5062350599257627
O2_mobility,0.4983229577787062
T7_complexity,0.4890000255710315
corr_Fp2_Fp1,0.483328043887748
P8_beta,0.4826963814180259
corr_O1_Pz,0.4738950697473901
corr_Fz_C3,0.46216684100328514
O2_gamma,0.46122429693776357
P8_kurt,0.45913135263012655
corr_T8_F8,0.4550136519170412
corr_F3_T7,0.45353806727032275
Cz_mobility,0.4533644281481222
Pz_alpha,0.44697820619595846
corr_Fp1_F3,0.44534830325899055
C3_mobility,0.43942982152816445
P8_gamma,0.4390940174416377
Fp2_mobility,0.43060770302881185
P3_gamma,0.4292189688388007
T7_beta,0.41930939498779496
corr_P4_Pz,0.41651273034095304
Pz_mobility,0.4022761862456492
corr_T7_P3,0.4007851015427406
F8_mobility,0.39444086123992533
corr_Fp2_F3,0.38560834214604933
corr_C4_T7,0.38257792271965574
P7_gamma,0.372224808032869
P7_theta,0.36905737392005494
Pz_theta,0.3644365631935102
corr_T7_O1,0.3549549333365972
corr_Cz_Fp2,0.34844996327666683
Cz_alpha,0.3451584088912705
corr_P3_O1,0.34339865543528897
corr_F4_O1,0.3432254573192503
F3_gamma,0.33988004446689013
T7_mobility,0.33974512065105394
T7_kurt,0.338968287381587
P3_complexity,0.33848354836105793
corr_C4_Fp1,0.3363834743672112
P4_std,0.33058102870355344
Cz_beta,0.3303752861213934
corr_C4_F8,0.3276335596798655
P7_beta,0.3263674099482706
O2_kurt,0.32005838251840024
P7_complexity,0.31638636121468067
F7_gamma,0.31512295789313954
T8_beta,0.31274724638056295
corr_Cz_F4,0.3120591961059114
corr_P4_O1,0.3095582742798304
T8_gamma,0.3091754367257158
P4_alpha,0.3062537496837148
O1_theta,0.30425824637544735
corr_T8_F7,0.3014640675193924
corr_C4_Pz,0.30144600299502605
T8_kurt,0.30017954417063036
corr_T8_F3,0.2997743565482187
Cz_theta,0.29900475575227564
corr_Fz_Fp2,0.29740572556054284
T8_skew,0.29404618959680345
corr_Cz_P7,0.2934345557337372
Fz_skew,0.2910482693734598
corr_Cz_P3,0.28924807873215186
corr_F4_P3,0.28897003845741315
corr_P8_F4,0.28798354663036296
Fz_complexity,0.2876170468623596
F3_skew,0.28707540851503066
corr_Fz_F3,0.2867446466658408
corr_C4_P7,0.2842608751943679
corr_O2_P3,0.28305019964941197
corr_C4_F4,0.278840470312952
corr_Cz_Fp1,0.2781919348302429
corr_O2_P7,0.27708093295279945
O1_beta,0.27704126202369606
corr_Cz_Fz,0.2768165461385759
corr_C4_P3,0.27636751038024804
O2_beta,0.2761493838237931
corr_C3_Pz,0.2757824430497482
P4_mobility,0.27396088502223176
C3_std,0.2716653845103228
Fz_beta,0.26995340493638503
corr_F4_F3,0.2626853140952886
C3_skew,0.2624901133869257
corr_F4_F7,0.2615550489259447
corr_Fp2_Pz,0.2587451731685907
T7_std,0.25847413854609136
C4_complexity,0.2561798143683405
Cz_skew,0.2555258094428153
corr_Cz_F3,0.25518318992463074
corr_F8_T7,0.2549248127476282
F7_theta,0.2539129363585496
corr_Fp1_F7,0.2502791066142009
C3_kurt,0.2489663852358652
corr_T8_Fz,0.24116940460734654
F7_mean,0.2404930309711919
Fz_mobility,0.23958531050220142
corr_T8_C4,0.23802840711310302
C4_std,0.23594073250299125
F7_complexity,0.2337276242493808
Cz_kurt,0.23284025148167242
P8_skew,0.23278138539260768
F8_gamma,0.22805038714231077
corr_Fz_T7,0.22673865299472878
P4_theta,0.22247801912831353
corr_P8_T7,0.2214305959021199
Cz_delta,0.2210935163751613
P4_gamma,0.21987605707642383
corr_P4_Fp1,0.21927147642899036
F4_alpha,0.21810930131415157
O2_std,0.21715142881277627
corr_P4_F3,0.21646757740226416
corr_P7_Pz,0.21567695803512987
C3_gamma,0.21509379621373237
Fp2_complexity,0.21412455731699523
O2_theta,0.21325906726950267
corr_C3_P3,0.20900944353700843
corr_O2_Pz,0.20884895272305454
F8_complexity,0.20617107378683158
corr_P8_C4,0.19952271867283025
F8_kurt,0.19840097511466204
corr_P8_O1,0.19800074554245897
P7_kurt,0.19776372737781464
F4_beta,0.19691746466646384
Fz_std,0.1957738405059016
corr_C4_Fp2,0.19263186795632453
C4_kurt,0.19128983852286724
corr_F4_Fp1,0.19020813866960978
Cz_std,0.18882704745541196
corr_P4_P3,0.18842785754571562
corr_Fp2_T7,0.18591936344036564
T7_activity,0.18439690224790797
corr_T8_F4,0.18394329042485524
corr_F8_P7,0.18370476275241818
T8_std,0.1834973869839595
F8_theta,0.18345598020793688
corr_T8_C3,0.1832068296954188
corr_O2_F8,0.18241988563811612
corr_T8_Pz,0.1822430903780093
F8_beta,0.18136994183867167
Fp1_skew,0.17900341459021737
C3_alpha,0.178124086322598
corr_P4_C3,0.17800086282886476
Fp1_beta,0.1778538478016526
corr_P4_Cz,0.1774704972868838
corr_Fz_Fp1,0.17645615084805696
corr_P4_O2,0.1729122668571992
corr_F4_Fp2,0.17285676006514644
corr_Fz_F7,0.17245011334410673
corr_F4_Pz,0.17197258103382962
O1_mean,0.1717028984945501
P4_delta,0.17103192919879093
corr_P4_F4,0.16952897365029
corr_Cz_Pz,0.16868682628231643
Fp2_beta,0.16799472485807046
Fz_gamma,0.16616214675531388
P8_mean,0.16583147509040158
F7_mobility,0.1656865301628895
Fp2_mean,0.1645681278487985
T8_mobility,0.16361294548317806
corr_F8_Fp1,0.16250848466628343
P4_complexity,0.1618428564218106
corr_Fp2_F8,0.16183181200250057
Fp1_alpha,0.1608200093867398
corr_F4_C3,0.16063836127392941
corr_T8_T7,0.16061527077377377
F4_gamma,0.15833337705644265
O2_complexity,0.15827430930216202
Fp1_mean,0.15613552087152885
corr_Fp2_F7,0.1555134153677963
F4_delta,0.15544514021802167
corr_F8_F7,0.15502709085115515
corr_Cz_F8,0.15473004274058005
corr_Fp1_Pz,0.15324453532494414
O2_activity,0.15248770910225756
Cz_complexity,0.15087839776143702
corr_P4_C4,0.1504381114294427
P3_mean,0.14998525587320014
corr_Fz_F8,0.14907905304436408
P4_skew,0.14878683901757195
corr_F3_P3,0.14861016899033716
corr_O2_P8,0.14819127182752972
T8_theta,0.14775741336642642
corr_T7_Pz,0.14709041236621534
Pz_delta,0.14534629424215512
T7_gamma,0.14493398036480487
C4_theta,0.14384168424070148
corr_T8_Fp1,0.14346674400577983
P7_activity,0.14168130065488688
Fp2_gamma,0.1402137042716277
corr_O2_T8,0.13823893704915685
corr_P4_F8,0.137824469146504
O1_activity,0.13563917220263647
T7_delta,0.13523272962385277
P7_delta,0.13439781839544454
O1_alpha,0.13347103222357196
F8_std,0.13338675510321324
F3_delta,0.13303433129375483
F4_kurt,0.13302825741399738
corr_F3_C3,0.1326121789699698
T8_complexity,0.1316343253222647
Fp1_mobility,0.13146069748916225
corr_Fz_P7,0.13094065821268758
P3_activity,0.12898359944786075
P4_beta,0.127302329623769
F3_activity,0.12645354948859158
corr_P8_P7,0.12636028894780704
P8_activity,0.12618457164568883
corr_F4_F8,0.12427409885200046
corr_T8_P3,0.12353609848811527
F4_skew,0.12341485426084643
Pz_gamma,0.1230169400552221
Pz_kurt,0.12298253449332794
F8_skew,0.12259582330197513
corr_P4_T8,0.12254314571615377
O1_complexity,0.12222566061809961
corr_P3_Pz,0.12145797186947588
corr_P8_P3,0.12140447741846427
Pz_skew,0.11926070769784794
P7_alpha,0.11745779874484565
corr_Fp2_O1,0.1163276623547623
F3_complexity,0.11511946983906438
corr_Fz_P3,0.11506466391226308
Pz_mean,0.11411603770535565
C4_alpha,0.11346070697878274
P8_delta,0.1123180847698566
T8_alpha,0.11196989891718963
C4_mobility,0.11116978229386115
Fp1_kurt,0.11104231838831953
corr_O2_C3,0.11040395563102756
T7_skew,0.10967253972195559
corr_O2_Fp2,0.10945155868687638
Fz_kurt,0.10652182326378411
corr_O2_Fz,0.10257660480705137
corr_Cz_T7,0.10150030813162267
corr_F8_O1,0.10080444150954167
corr_P7_P3,0.0990690223550378
F3_std,0.09841237864876752
F3_theta,0.09819768516852972
Cz_activity,0.09787222490013506
corr_O2_F3,0.09709196675357823
corr_P8_T8,0.09698777926483622
corr_Cz_F7,0.09567506840409583
F3_beta,0.09499790280368825
corr_Fp1_P7,0.0943171375812246
P8_std,0.09331613334635228
P3_skew,0.093159393951549
corr_T8_Cz,0.09309516011042376
corr_T8_Fp2,0.09243921945343016
corr_Cz_O1,0.09205834511912124
corr_F7_C3,0.09149171552561011
corr_C4_F7,0.0914267818723676
corr_Fp1_T7,0.09135231999075596
T8_activity,0.09047119666712626
P4_activity,0.08896710721062613
P4_mean,0.0888237377556146
corr_T8_O1,0.08794310544711377
F3_kurt,0.08451229696549858
corr_F4_T7,0.08408117639408486
C4_gamma,0.08391295502464186
P8_alpha,0.0834287822804097
O1_gamma,0.0832625013625134
corr_C4_F3,0.08307469670570794
corr_P8_F8,0.08230113245550258
Pz_std,0.08149196148458603
O1_std,0.08129221639171776
O1_delta,0.08120397683452044
corr_Fp2_P7,0.08119684954997351
corr_O2_Cz,0.080745242878723
P3_delta,0.08050646798251643
F4_mobility,0.0796135964351729
C4_mean,0.07892792932356964
T8_mean,0.07822932373855956
corr_P8_F3,0.07653972798724677
corr_P4_F7,0.07603011773712894
Cz_gamma,0.07545038962424268
F8_activity,0.07474305230610807
P3_alpha,0.07315589337435012
Pz_complexity,0.0730336582833778
Fp2_alpha,0.0720350841105178
F3_alpha,0.07075286729811385
O1_kurt,0.07048504448551123
corr_C4_Cz,0.06988575672052083
F4_std,0.06899344437600843
T7_mean,0.06755476824622751
C3_delta,0.06683287586397091
P3_beta,0.06493323468977806
corr_F8_Pz,0.06480068278574831
Fz_activity,0.06392002598592166
corr_P4_T7,0.06264765935645171
F7_beta,0.06170984815374404
Fp1_activity,0.061434586156890424
corr_Fp1_O1,0.06119717236163982
Fp2_std,0.06036014138913588
Fp2_kurt,0.06021041730656914
corr_Fz_Pz,0.059273961406117556
corr_F7_P7,0.059125206930500045
corr_C4_Fz,0.05856745889947118
P3_kurt,0.058005563677756465
corr_F4_P7,0.057677136807248716
corr_O2_T7,0.057560113528407994
corr_F8_F3,0.05637792199553121
corr_P8_Cz,0.052544342496567115
F8_mean,0.052346255617110066
corr_F3_P7,0.05225860864776672
F4_mean,0.05194713109800159
O2_mean,0.051620172524978435
corr_Cz_C3,0.051197904641555915
T8_delta,0.05085373203830613
corr_P8_Fz,0.04989191423459256
corr_P8_Pz,0.04964253673143313
Fp2_activity,0.04712206808990963
Fp1_gamma,0.04674679838140754
P8_theta,0.04635139588097141
C4_delta,0.044809461942547486
Fz_mean,0.04467309351156665
corr_F3_Pz,0.04406998663284255
corr_P4_Fp2,0.04375872979224157
corr_P8_Fp1,0.043701370315785436
corr_P8_F7,0.04323033856454139
Pz_activity,0.04215007573214923
corr_F7_Pz,0.04129215234101036
C4_skew,0.03973045560164238
Fp2_skew,0.03932538463149092
Fz_delta,0.03859897250889959
corr_C3_O1,0.03840640773250383
F7_delta,0.038195229936112775
corr_T7_P7,0.03770180128327283
P3_mobility,0.036920876468938484
corr_Fp2_P3,0.03662294198037069
P7_skew,0.03561594070246291
O2_skew,0.03162086124141858
corr_P4_P7,0.030686648624546675
O1_mobility,0.03049387318450109
P7_std,0.02903233683005001
P7_mean,0.02827295693636807
corr_T8_P7,0.028024701051451016
F7_skew,0.027943960626357223
corr_Fp1_P3,0.0278490043517419
corr_Fz_O1,0.027541406560917386
F7_activity,0.02746543544824327
corr_O2_F7,0.027190530000429276
F7_kurt,0.02666444871621663
P3_theta,0.026221460673325016
F4_theta,0.025717367314569934
corr_P4_Fz,0.025697713253138885
F3_mean,0.025628425329355504
corr_P8_C3,0.024834702732458146
corr_Fp2_C3,0.024831221282372685
Fp1_theta,0.02450932802130448
Fp2_delta,0.023978728569281738
F4_activity,0.022779328203124807
P4_kurt,0.022396354939135308
Fp2_theta,0.02211560301178648
F7_std,0.021996027631369663
O2_alpha,0.021848817540449858
corr_Fp1_C3,0.020815016800291238
F8_delta,0.020397712659367413
corr_O2_Fp1,0.018990257319810074
Fp1_std,0.018891617890692054
corr_C4_O1,0.01887248519460306
corr_O2_C4,0.01848401742000552
F3_mobility,0.016675154010541652
Cz_mean,0.015911399114023127
corr_F3_O1,0.015311588487952197
O1_skew,0.015279845632569743
O2_delta,0.014805093831389077
corr_O2_F4,0.014717809101714925
corr_Fz_F4,0.0147052373545874
Pz_beta,0.013608916944301741
F4_complexity,0.013126362268693553
C3_activity,0.012165508771771263
corr_F7_O1,0.011293888746070924
corr_C3_P7,0.011236663015387581
corr_F7_P3,0.010938172902060945
C3_mean,0.01093151254626159
P3_std,0.0091291567607644
corr_F8_C3,0.008382617404425126
corr_F8_P3,0.008314161752689129
F7_alpha,0.008285277119485544
C4_activity,0.007133328409813913
F8_alpha,0.007032075925121224
Fp1_complexity,0.006104619197517303
corr_P4_P8,0.0053497607364043735
corr_C4_C3,0.003727784324467798
corr_P8_Fp2,0.0032900669644286597
Fp1_delta,0.00039820124552449406
