source,target,source_idx,target_idx,importance
Fz,Fp2,6,8,1.0
P8,Fz,2,6,0.9955743703961851
C4,Fz,4,6,0.9952193166926593
Cz,Fz,5,6,0.9927751539004407
Fz,Fp1,6,10,0.9808648220366801
Fz,F7,6,11,0.9792316650492532
C4,T7,4,14,0.975658836310213
Fz,T7,6,14,0.9753641014542065
C4,Pz,4,18,0.9625658256665711
C4,O1,4,17,0.959014148350133
P8,F4,2,7,0.9586802608318071
Cz,Fp2,5,8,0.9580847170848661
Fz,C3,6,13,0.9542031638130715
C4,P3,4,16,0.9511622402580819
P8,Cz,2,5,0.9509398231524573
Fz,P3,6,16,0.9499084661732636
T7,P3,14,16,0.9483021613369854
C4,Fp2,4,8,0.948290477514032
Fz,F8,6,9,0.9481477985394468
C3,T7,13,14,0.9478738267948206
P4,Cz,0,5,0.9458486933616058
Cz,Fp1,5,10,0.9456402318963812
P8,T7,2,14,0.9455353728917983
C4,C3,4,13,0.9448957228915306
Fz,Pz,6,18,0.943159161042268
Cz,O1,5,17,0.9429405435302859
Fz,P7,6,15,0.9428054587697621
C4,P7,4,15,0.9426920449466786
F4,Fp2,7,8,0.9424064199623922
T8,C4,3,4,0.9409093391359782
P8,C4,2,4,0.9403309124420676
O2,T7,1,14,0.9399695042062337
P8,F8,2,9,0.9396007867722211
Fz,F3,6,12,0.9393688867052433
P3,O1,16,17,0.9391694322781119
C4,F4,4,7,0.9388178016869981
O2,Fz,1,6,0.9383443164330989
Fz,F4,6,7,0.937479074680265
C4,F7,4,11,0.9374133118365486
Cz,C3,5,13,0.9371140536055789
Cz,F3,5,12,0.9363748959060066
C4,F8,4,9,0.9348339576958821
Cz,F4,5,7,0.934225292129884
Fp2,Pz,8,18,0.9328587194269913
C4,F3,4,12,0.932526971590278
Cz,P7,5,15,0.9324893415062386
F3,T7,12,14,0.9315627053190908
P4,C4,0,4,0.931130044498524
P8,C3,2,13,0.9306979549715896
C3,O1,13,17,0.9301014105320395
O2,Fp2,1,8,0.9294043877897831
O2,C4,1,4,0.929036546430863
P4,Fp2,0,8,0.9276284233155709
T8,O1,3,17,0.9267141889498369
P8,Fp2,2,8,0.9260601075325928
Fz,O1,6,17,0.9254082012156961
P4,P8,0,2,0.9253589383271837
P4,O1,0,17,0.9253129516536011
P4,T7,0,14,0.9247328513394266
Cz,F7,5,11,0.9240674581565017
P8,F7,2,11,0.9235890581709099
T8,Fp2,3,8,0.9231585709505619
Fp2,P7,8,15,0.9230009638465824
T7,O1,14,17,0.9225322825623445
O2,F3,1,12,0.9218901083085209
F7,P3,11,16,0.9217150819188089
C3,P3,13,16,0.9214726107614932
T8,T7,3,14,0.921398053095962
P4,Fz,0,6,0.9208945795749371
F8,F3,9,12,0.9205650996787398
F7,C3,11,13,0.9205509987492989
F4,P3,7,16,0.9187578621129368
Fp2,F3,8,12,0.9186353688823379
T8,F3,3,12,0.9184988587866975
P4,F3,0,12,0.9183462622291725
P8,O1,2,17,0.9176439757849708
Cz,F8,5,9,0.9172577468776086
P4,F8,0,9,0.9169475016345466
F3,P3,12,16,0.9165055989837698
P4,T8,0,3,0.9163267980590342
P8,F3,2,12,0.9155490518925794
Fp2,F7,8,11,0.9141379938092234
Fp2,O1,8,17,0.9134562493384165
F8,O1,9,17,0.9126256288284865
Cz,P3,5,16,0.9126088214805586
P7,O1,15,17,0.9110627873758229
F7,T7,11,14,0.9109027343212923
P8,T8,2,3,0.9092817204316077
P8,Fp1,2,10,0.9091704369285653
F7,O1,11,17,0.9080243876766732
O2,Cz,1,5,0.9074014306763062
P8,P3,2,16,0.906531621130076
F3,Pz,12,18,0.9055808795944321
P7,P3,15,16,0.9055508655943486
O2,C3,1,13,0.9049134157286673
P4,P3,0,16,0.9046781189107467
Fp1,P3,10,16,0.9046740781405492
C4,Fp1,4,10,0.9041678371361783
O2,F8,1,9,0.9040836537526394
F8,Fp1,9,10,0.9040550746638866
O1,Pz,17,18,0.9038417302904855
Fp2,T7,8,14,0.9038380387770405
Fp2,Fp1,8,10,0.9035677304320571
C3,P7,13,15,0.9032434114200107
F4,C3,7,13,0.9027132449562436
O2,Pz,1,18,0.9026577716445188
F8,P3,9,16,0.9025475989447644
P4,C3,0,13,0.9013705558911695
F8,Pz,9,18,0.9005423468371776
Cz,Pz,5,18,0.9004383893830011
Fp2,C3,8,13,0.9003155223705919
T8,Fz,3,6,0.899892544960818
O2,P3,1,16,0.8995720870040038
O2,T8,1,3,0.8994659748786225
Fp2,F8,8,9,0.898831766910579
F3,P7,12,15,0.8985567095010928
P3,Pz,16,18,0.8984893893653952
C4,Cz,4,5,0.8982003553448246
Cz,T7,5,14,0.8975339148384546
T7,Pz,14,18,0.897401268655223
Fp1,T7,10,14,0.8972069169286073
T8,Cz,3,5,0.8963493139600753
F4,Pz,7,18,0.894565935509234
P8,P7,2,15,0.8939888536847039
F3,O1,12,17,0.8939432421388739
O2,P8,1,2,0.8926686349590022
F4,O1,7,17,0.8917081587399199
P4,O2,0,1,0.8911107769365683
F7,Pz,11,18,0.8909977063581578
P8,Pz,2,18,0.8908970848498142
Fp2,P3,8,16,0.8907205474193567
T8,Fp1,3,10,0.8899485875742456
F4,T7,7,14,0.8897453381207532
F4,F8,7,9,0.8897168403070941
T8,F4,3,7,0.888908671945023
F8,T7,9,14,0.8886373287137098
F7,F3,11,12,0.8881223484043151
C3,Pz,13,18,0.8878179762720595
O2,F4,1,7,0.8869270846705253
Fp1,Pz,10,18,0.8860352717664616
P4,Fp1,0,10,0.8851712734421847
Fp1,F7,10,11,0.8847864124832863
T8,F8,3,9,0.8845230583884949
T8,C3,3,13,0.8832316972664055
O2,O1,1,17,0.8829827266448189
Fp1,P7,10,15,0.8812051841513666
F3,C3,12,13,0.8811188138678918
F8,C3,9,13,0.8808133968797109
P4,F4,0,7,0.8804355459443697
F7,P7,11,15,0.8788302051457535
P4,P7,0,15,0.8778449117191056
F4,Fp1,7,10,0.8759572362292674
P4,Pz,0,18,0.875953443993298
F8,F7,9,11,0.874226920795215
T7,P7,14,15,0.8739502444666212
P7,Pz,15,18,0.8735966636453862
F4,F7,7,11,0.8735706684383532
Fp1,F3,10,12,0.8734915196642918
F4,F3,7,12,0.8720150311907504
T8,F7,3,11,0.869945287730545
O2,F7,1,11,0.8683511621084171
O2,Fp1,1,10,0.8674589059017147
T8,P7,3,15,0.8654218115725362
O2,P7,1,15,0.8646472240807286
T8,P3,3,16,0.8642347170356397
P4,F7,0,11,0.863856680328295
Fp1,C3,10,13,0.861978156538846
F8,P7,9,15,0.8581951624170154
T8,Pz,3,18,0.8570662640492751
Fp1,O1,10,17,0.8566330807344703
F4,P7,7,15,0.8370428847721371
